<?xml version="1.0" encoding="UTF-8"?><?xml-stylesheet type='text/xsl' href='_UpgradeReport_Files/UpgradeReport.xslt'?><UpgradeLog>
<Properties><Property Name="Solution" Value="MeshCourse">
</Property><Property Name="Solution File" Value="D:\My Documents\0 CS468\Exercise1\Exercise1\Exercise1\MSVC\MeshCourse.sln">
</Property><Property Name="Date" Value="Friday, September 17, 2010">
</Property><Property Name="Time" Value="21:47 PM">
</Property></Properties><Event ErrorLevel="0" Project="" Source="MeshCourse.sln" Description="File successfully backed up as D:\My Documents\0 CS468\Exercise1\Exercise1\Exercise1\MSVC\MeshCourse.sln.old">
</Event><Event ErrorLevel="1" Project="OpenMesh" Source="OpenMesh\OpenMesh.vcproj" Description="This application has been updated to include settings related to the User Account Control (UAC) feature of Windows Vista. By default, when run on Windows Vista with UAC enabled, this application is marked to run with the same privileges as the process that launched it. This marking also disables the application from running with virtualization. You can change UAC related settings from the Property Pages of the project.">
</Event><Event ErrorLevel="0" Project="OpenMesh" Source="OpenMesh\OpenMesh.vcproj" Description="Project file successfully backed up as 'D:\My Documents\0 CS468\Exercise1\Exercise1\Exercise1\MSVC\OpenMesh\OpenMesh.vcproj.8.00.old'.">
</Event><Event ErrorLevel="0" Project="OpenMesh" Source="OpenMesh\OpenMesh.vcproj" Description="Project upgraded successfully.">
</Event><Event ErrorLevel="3" Project="OpenMesh" Source="OpenMesh\OpenMesh.vcproj" Description="Converted">
</Event><Event ErrorLevel="0" Project="ValenceViewer" Source="ValenceViewer\ValenceViewer.vcproj" Description="Web deployment to the local IIS server is no longer supported. The Web Deployment build tool has been removed from your project settings.">
</Event><Event ErrorLevel="1" Project="ValenceViewer" Source="ValenceViewer\ValenceViewer.vcproj" Description="This application has been updated to include settings related to the User Account Control (UAC) feature of Windows Vista. By default, when run on Windows Vista with UAC enabled, this application is marked to run with the same privileges as the process that launched it. This marking also disables the application from running with virtualization. You can change UAC related settings from the Property Pages of the project.">
</Event><Event ErrorLevel="0" Project="ValenceViewer" Source="ValenceViewer\ValenceViewer.vcproj" Description="Project file successfully backed up as 'D:\My Documents\0 CS468\Exercise1\Exercise1\Exercise1\MSVC\ValenceViewer\ValenceViewer.vcproj.8.00.old'.">
</Event><Event ErrorLevel="0" Project="ValenceViewer" Source="ValenceViewer\ValenceViewer.vcproj" Description="Project upgraded successfully.">
</Event><Event ErrorLevel="3" Project="ValenceViewer" Source="ValenceViewer\ValenceViewer.vcproj" Description="Converted">
</Event><Event ErrorLevel="0" Project="" Source="MeshCourse.sln" Description="Solution converted successfully">
</Event><Event ErrorLevel="3" Project="" Source="MeshCourse.sln" Description="Converted">
</Event></UpgradeLog>